{
  "refs": [
    0.14032653763744082,
    0.47865612781688543,
    0.6883767066021143
  ],
  "num_screens": 3
}